Day,Price,Q10,Q90
561,0.0858,0.0461565257803346,0.969015692433875
568,0.0505,0.049665747690969,1.03217882712272
575,0.0611,0.0533938258364344,1.09860904465404
582,0.0609,0.0573514937109382,1.16843245463809
589,0.0653,0.0615498717391535,1.24177841995769
596,0.066,0.0660004763187924,1.31877960005055
603,0.064,0.070715228962602,1.39957199423952
610,0.0616,0.0757064655396904,1.48429498511054
617,0.0615,0.0809869456160558,1.57309138193749
624,0.0627,0.0865698618942375,1.66610746415362
631,0.062,0.0924688497519608,1.76349302486899
638,0.0611,0.0986979968796931,1.86540141443349
645,0.0965,0.105271853016998,1.97198958404501
652,0.102,0.112205439787594,2.0834181294022
659,0.115,0.11951426063301,2.19985133440137
666,0.1925,0.127214310844757,2.32145721487741
673,0.34,0.135322087694894,2.4484075623877
680,0.279,0.14385460066492,2.58087798803923
687,0.2768,0.152829381772881,2.7190479663581
694,0.27,0.162264495998597,2.86310087920114
701,0.19,0.172178551806939,3.01322405970933
708,0.22,0.182590711769023,3.16960883630237
715,0.2401,0.19352070328128,3.33245057671444
722,0.265,0.20498882938228,3.50194873207033
729,0.3,0.217015979667233,3.67830688100201
736,0.323,0.229623641300069,3.86173277380471
743,0.3868,0.242833910123038,4.05243837663295
750,0.4424,0.256669501863707,4.25063991573538
757,0.4799,0.271153763439303,4.45655792172867
764,0.8975,0.286310684358301,4.67041727390969
771,1.05,0.302164908219166,4.89244724460609
778,0.85,0.318741744306197,5.12288154356447
785,0.89,0.336067179282359,5.36195836237633
792,0.8999,0.354167888979044,5.60992041894114
799,0.8925,0.373071250282678,5.86701500196616
806,0.7411,0.392805353118078,6.13349401550328
813,0.822,0.413399012528503,6.40961402352164
820,0.779,0.434881780852332,6.69563629451694
827,0.7369,0.457283959996236,6.99182684615585
834,1.1123,0.480636613804836,7.29845648995637
841,1.6311,0.504971580526729,7.61580087600306
848,3.0331,0.530321485376842,7.94414053769759
855,3.8659,0.556719753194979,8.28376093654342
862,6.987,0.584200621200562,8.6349525069653
869,6.6901,0.612799151843455,8.99801070116292
876,8.4299,0.642551245750803,9.37323603399805
883,16.7,0.6734936547698,9.76093412791571
890,18.5464,0.705663995106349,10.1614157578985
897,17.51,0.739100760559519,10.5749968964544
911,15.4405,0.809932010054728,11.4427478470986
918,14.9,0.847407990110799,11.8975759971762
925,13.16,0.88631341445003,12.3668204220089
932,13.98,0.926691366702608,12.8508237576879
939,13.35,0.968585889506739,13.3499341084382
946,7.9,1.01204199841181,13.8645050918313
953,10.7957,1.05710569587687,14.39489588403
960,11.3113,1.10382398536428,14.9414712650641
967,9.0701,1.1522448855285,15.5046016641365
974,8.178,1.20241744449997,16.0846632049607
981,5.8644,1.25439175426403,16.6820377511284
988,5.2,1.30821896513468,17.2971129515075
995,5.33,1.36395130032338,17.9302822856702
1002,5.027,1.42164207060257,18.5819451093513
1009,4.1029,1.48134568906391,19.2525066999354
1016,3.557,1.54311768597141,19.9423783019748
1023,3.17,1.60701472370904,20.6519771727356
1030,3.27,1.67309461182292,21.3817266277739
1037,2.9596,1.74141632215818,22.1320560865402
1044,2.9969,1.81204000409011,22.9034011180132
1051,2.2,1.8850269998498,23.6962034863617
1058,2.4799,1.96043985994418,24.5109111966356
1065,2.8281,2.03834235867027,25.347978540484
1072,3.2511,2.11879950972365,26.2078661419035
1079,3.193,2.2018775819012,27.0910410030117
1086,4.225,2.28764411489785,27.9979765498505
1093,5.2677,2.37616793519753,28.9291526782166
1100,7.1136,2.46751917205794,29.8850557995183
1107,7.0018,2.56176927358952,30.8661788866618
1114,6.3097,2.65899102292807,31.8730215199619
1121,5.3809,2.75925855450134,32.9060899330819
1128,5.6888,2.86264737038947,33.9658970589992
1135,5.5147,2.96923435677901,35.0529625759979
1142,4.3867,3.07909780051076,36.1678129536873
1149,4.922,3.19231740572112,37.3109814990478
1156,4.82,3.30897431057728,38.4830084025026
1163,4.91,3.42915110410542,39.6844407840142
1170,5.2794,3.55293184311302,40.9158327392093
1177,4.55,3.68040206920409,42.1777453855271
1184,4.827,3.81164882588799,43.4707469083947
1191,4.7925,3.94676067578164,44.7954126074274
1198,4.9689,4.08582771790479,46.1523249426543
1205,5.2035,4.22894160506856,47.5420735807689
1212,4.9044,4.37619556135747,48.9652554414067
1219,5.0499,4.52768439970411,50.4224747434441
1226,4.93,4.68350453955706,51.9143430513257
1233,5.09,4.84375402464199,53.4414793214142
1240,5.139,5.00853254081578,55.0045099483659
1247,5.2051,5.17794143401297,56.6040688115293
1254,5.4683,5.35208372828583,58.2407973213701
1261,6.1638,5.53106414393697,59.915344465918
1268,6.35,5.71498911574447,61.6283668572395
1275,6.629,5.9039668112803,63.3805287779341
1282,6.799,6.09810714932081,65.1725022276534
1289,7.621,6.29752181835035,67.0049669696446
1296,8.4096,6.50232429515714,68.8786105773174
1303,8.7103,6.71262986352213,70.7941284808361
1310,10.87,6.92855563299978,72.7522240137311
1317,11.624,7.15022055779167,74.7536084595375
1324,8,7.37774545571259,76.7990010984555
1331,10.61,7.6112530272488,78.8891292540328
1338,10.2041,7.85086787470851,81.0247283398706
1345,11.02,8.09671652146492,83.2065419063527
1352,11.87,8.34892743129148,85.4353216873984
1359,12.1933,8.60763102778913,87.7118276472343
1366,12.4,8.87295971390562,90.0368280271918
1373,11.8,9.14504789154742,92.4110993925284
1380,11.7389,9.4240319812833,94.8354266792641
1387,11.6311,9.71005044213973,97.3106032410496
1394,10.7,10.0032437914888,99.8374308960476
1401,10.8001,10.3037546250278,102.416719973844
1408,10.8687,10.6117276368506,105.049289362374
1415,11.6515,10.9273096396107,107.735966554873
1422,12.4821,11.2506495847769,110.477587696853
1429,12.5,11.58189858298,113.274997633093
1436,13.29,11.9212099244509,116.129049954654
1443,13.3,12.2687390995518,119.040607045918
1450,13.312,12.6246438193973,122.010540131649
1457,13.45,12.9890840365683,125.039729324064
1464,13.454,13.3622219659172,128.129063669941
1471,14.116,13.7442221054644,131.279441197738
1478,15.7,14.1352512573861,134.491768964733
1485,17.8182,14.5354785490945,137.766963104192
1492,20.59,14.9450754544079,141.105948872546
1499,23.9698,15.3642158148136,144.509660696604
1506,26.8146,15.7930758608218,147.97904222077
1513,29.89,16.2318342334091,151.51504635429
1520,34.5,16.6806720055563,155.118635318524
1527,46,17.139772703875,158.790780694224
1534,47.4,17.6093223303258,162.532463468842
1541,71.5,18.0895093840288,166.344674083862
1548,93.03,18.5805248831632,170.228412482139
1555,162.301,19.0825623869601,174.184688155265
1562,90,19.595818017785,178.214520190969
1569,119.2,20.1204904833113,182.318937320499
1576,134.4444,20.6567810987853,186.498977966069
1583,115.98,21.2048938093817,190.755690288293
1590,114.82,21.7650352126505,195.090132233653
1597,122.5,22.3374145810536,199.503371581982
1604,133.5,22.9222438845932,203.996485993966
1611,122.5,23.519737813531,208.570563058675
1618,100.4374,24.1301138011977,213.226700341093
1625,99.9,24.753592046893,217.966005429686
1631,108.2,25.2985992526102,222.095308650536
1639,97.51,26.0407500774492,227.69859978217
1646,76.5,26.7048842981272,232.694154768716
1653,94.4199,27.3830296949012,237.777409102003
1660,91.998,28.0754206435924,242.949521201983
1667,98.78,28.7822944252954,248.211659797855
1674,105.12,29.5038912499117,253.56500397576
1681,105,30.2404542797743,259.010743226481
1688,113.38,30.992229653364,264.55007749319
1695,122.111,31.7594665091121,270.184217219178
1702,146.01,32.5424170092978,275.914383395646
1709,126.315,33.3413363640338,281.741807609465
1716,138.3002,34.1564828553407,287.667732090989
1723,134,34.9881178613156,293.693409761886
1730,143.884,35.8365058803862,299.820104282961
1737,137.8,36.7019145556587,306.049090102032
1744,147.53,37.5846146993539,312.381652501781
1751,186.12,38.4848803173339,318.819087647677
1758,207.0001,39.4029886337189,325.362702635857
1765,224.01,40.339220115593,332.013815541085
1772,336.331,41.2938584978022,338.773755464671
1779,528.3199,42.2671908078399,345.643862582451
1786,795,43.2595073908246,352.625488192769
1793,1004.4239,44.2711019345642,359.719994764467
1800,804,45.302271494714,366.928755984913
1807,920,46.3533165200227,374.253156808022
1814,629,47.4245408776662,381.694593502324
1821,728.299999999999,48.5162518786753,389.254473699014
1828,910,49.62876030345,396.934216440051
1835,827.24,50.7623804273642,404.735252226257
1842,835.9,51.9174300464599,412.659023065439
1849,812.5,53.094230503233,420.706982520516
1856,814,54.2931067125043,428.880595757683
1863,694,55.5143871873866,437.181339594589
1870,625,56.7584040653331,445.610702548503
1877,607,58.0254931342822,454.170184884528
1884,565.3719,59.315993858891,462.861298663842
1891,638.5,60.630249406851,471.685567791898
1898,633,61.9686066753045,480.64452806671
1905,558,63.3314163173409,489.739727227103
1912,460.9999,64.7190327685887,498.97272500102
1919,458.78,66.1318142738903,508.345093153808
1926,418,67.5701229140747,517.858415536545
1933,500.9501,69.0343246328094,527.514288134383
1940,429.99,70.5247892635522,537.314319114886
1947,435.0413,72.0418905565821,547.26012887641
1954,437.97,73.5860062061261,557.35335009649
1961,447.4,75.1575178775738,567.595627780238
1968,573.99,76.7568112347786,577.988619308742
1975,626.42,78.3842759674502,588.53399448754
1982,658.7,80.0403058186371,599.233435595029
1989,593.89,81.7252986122942,610.088637430949
1996,603.4,83.4396562809447,621.101307364868
2003,601.95,85.1837848934248,632.273165384668
2010,637.38,86.958094682723,643.605944145049
2017,629.49,88.7630000739073,655.101389016104
2024,624,90.5989197121351,666.761258131794
2031,591.55,92.4662764907625,678.587322438556
2038,585.71,94.3654975795318,690.581365743863
2045,588.61,96.2970144528544,702.745184764817
2052,497.4,98.2612629181842,715.08058917675
2059,510.82,100.258683144471,727.589401661856
2066,477.81,102.289719690709,740.273457957813
2073,479.88,104.354821534577,753.134606906442
2080,476.5,106.454442101157,766.17471050239
2087,399.21,108.589039291754,779.395643941774
2094,376.7,110.759075512791,792.799295670906
2101,319.9,112.965017704806,806.387567435032
2108,378.05,115.207337371527,820.162374326981
2115,388.02,117.48651060904,834.125644835999
2122,353.01,119.803018135047,848.279320896444
2129,323.82,122.157345318209,862.625357936575
2136,362.61,124.549982207577,877.165724927355
2143,391.65,126.98142356212,891.902404431236
2150,368.25,129.452168880329,906.837392650986
2157,379.89,131.962722429912,921.972699478516
2164,376.02,134.513593277591,937.310348543721
2171,353.65,137.105295318968,952.852377263357
2178,320.79,139.738347308491,968.60083688991
2185,316.94,142.413272889502,984.557792560485
2192,264.19,145.130600624387,1000.72532334571
2199,267.27,147.890864024788,1017.10552229865
2206,211.03,150.694601581931,1033.70049650375
2213,254.73,153.542356797029,1050.5123671258
2220,226.92,156.434678211763,1067.54326945887
2227,223.85,159.372119438879,1084.79535297528
2234,235.88,162.355239192842,1102.27078137464
2241,236.5,165.384601320602,1119.9717326328
2248,262.4,168.460774832432,1137.90039905092
2255,275.59,171.584333932865,1156.05898730444
2262,286.9,174.755858051709,1174.44971849221
2269,268.82,177.975931875163,1193.07482818546
2276,242.74,181.245145377007,1211.93656647701
2283,260.5,184.564093849887,1231.03719803018
2290,236.38,187.933377936689,1250.37900212806
2297,222.16,191.353603661997,1269.96427272252
2304,219.7,194.825382463644,1289.79531848343
2311,240.57,198.349331224343,1309.87446284768
2318,240.73,201.926072303412,1330.2040440685
2325,236.15,205.556233568585,1350.7864152645
2332,240.96,209.240448427915,1371.62394446895
2339,228.7,212.979355861751,1392.7190146789
2346,223.26,216.773600454821,1414.07402390445
2353,233.54,220.62383242839,1435.69138521798
2360,244.25,224.530707672508,1457.57352680335
2367,248.71,228.494887778352,1479.72289200522
2374,271.96,232.517040070644,1502.14193937823
2381,311.14,236.597837640168,1524.83314273638
2388,275.04,240.737959376371,1547.79899120225
2395,293.01,244.938090000041,1571.04198925637
2402,282.44,249.198920096094,1594.56465678647
2409,265.58,253.521146146431,1618.36952913689
2416,259.9,257.905470562878,1642.45915715789
2423,228.53,262.352601720243,1666.83610725503
2430,229.99,266.863253989424,1691.50296143851
2437,240.97,271.438147770626,1716.4623173726
2444,230.96,276.078009526661,1741.71678842505
2451,232.12,280.783571816336,1767.26900371647
2458,233.37,285.555573327918,1793.12160816973
2465,239.5,290.394758912714,1819.27726255952
2472,247.99,295.30187961869,1845.73864356168
2479,265.01,300.27769272424,1872.50844380271
2486,284.79,305.322961771985,1899.5893719093
2493,330.23,310.438456602685,1926.98415255774
2500,374.1,315.624953389252,1954.69552652347
2507,320.52,320.883234670818,1982.72625073063
2514,324.66,326.214089386913,2011.07909830155
2521,373.89,331.618312911724,2039.75685860626
2528,390.6,337.096707088434,2068.76233731213
2535,433.36,342.65008026367,2098.0983564334
2542,442.62,348.279247322001,2127.76775438076
2549,422.32,353.985029720567,2157.77338601094
2556,428.39,359.768255523755,2188.11812267636
2563,449.35,365.629759437987,2218.80485227465
2570,382.02,371.570382846596,2249.83647929847
2577,402.77,377.590973844757,2281.21592488492
2584,365.52,383.69238727456,2312.9461268654
2591,372.01,389.875484760107,2345.03003981516
2598,408.3,396.141134742755,2377.47063510301
2605,440.49,402.490212516395,2410.2709009411
2612,434.45,408.923600262856,2443.43384243448
2619,403.75,415.442187087373,2476.96248163094
2626,411.87,422.046869054153,2510.85985757067
2633,411.25,428.738549222029,2545.1290263361
2640,427.36,435.518137680182,2579.77306110151
2647,420.6,442.386551583971,2614.79505218295
2654,421.32,449.34471519085,2650.19810708791
2661,428.51,456.39355989636,2685.98535056521
2668,463.02,463.534024270197,2722.15992465468
2675,451.11,470.767054092402,2758.72498873718
2682,459.87,478.09360238961,2795.68371958417
2689,457.89,485.514629471378,2833.03931140777
2696,437.48,493.031102966646,2870.79497591052
2703,531,500.643997860216,2908.95394233527
2710,574.02,508.354296529386,2947.51945751498
2717,672,516.16298878061,2986.49478592277
2724,767.3,524.071071886298,3025.88320972171
2731,639.4175,532.079550621666,3065.68802881469
2738,659.085,540.189437301685,3105.9125608945
2745,650.315,548.40175181811,3146.56014149362
2752,680.4525,556.717521676615,3187.63412403429
2759,662.4515,565.137782033983,3229.13787987835
2766,624.22,573.663575735417,3271.07479837729
2773,594.2525,582.295953351905,3313.4482869223
2780,571.5025,591.035973217705,3356.26177099403
2787,580.055,599.884701467865,3399.51869421288
2794,574.4108,608.843212075909,3443.22251838892
2801,608.2625,617.912586891507,3487.37672357179
2808,607.069,627.093915678339,3531.98480810092
2815,610.0948,636.388296151961,3577.0502886555
2822,600.1595,645.796834017789,3622.5767003046
2829,610.8093,655.320643009183,3668.56759655711
2836,615.745,664.960844925611,3715.02654941209
2843,640.9375,674.71856967085,3761.95714940853
2850,651.9933,684.594955291364,3809.3630056758
2857,698.4493,694.591148014688,3857.24774598354
2864,713.3993,704.708302287941,3905.61501679189
2871,702.0125,714.947580816404,3954.46848330162
2878,729.0293,725.310154602206,4003.8118295043
2885,728.71,735.797202983062,4053.64875823239
2892,766.17,746.409913671154,4103.98299120961
2899,770.6103,757.149482792024,4154.81826910095
2906,790.9553,768.017114923594,4206.15835156285
2913,895.1423,779.014023135299,4258.00701729365
2920,996.3478,790.141429027262,4310.36806408358
2927,915.9998,801.400562769545,4363.24530886502
2934,827.5098,812.792663141535,4416.64258776294
2941,926.2425,824.318977571401,4470.56375614493
2948,914.968,835.980762175589,4525.01268867161
2955,1014.2965,847.779281798472,4579.99327934682
2962,1004.8793,859.715810052031,4635.50944156801
2969,1055.5025,871.791629355672,4691.56510817652
2976,1178.2475,884.008030976077,4748.16423150766
2983,1273.486,896.366315067186,4805.31078344161
2990,1229.7973,908.867790710217,4863.00875545299
2997,1016.5068,921.513775953825,4921.26215866184
3004,965.523800000001,934.305597854314,4980.07502388376
3011,1101.7273,947.244592515927,5039.45140168014
3018,1209.5625,960.332105131254,5099.39536240868
3025,1174.827,973.569490021697,5159.91099627379
3032,1246.07,986.958110678043,5221.00241337698
3039,1362.0268,1000.49933980109,5282.6737437672
3046,1567.7285,1014.1945593424,5344.92913749137
3053,1791.51,1028.04516054512,5407.77276464477
3060,2027.914,1042.05254398486,5471.20881542138
3067,2194.8933,1056.2181196107,5535.24150016445
3074,2523.0578,1070.54330678626,5599.87504941709
3081,2959.5198,1085.02953433086,5665.11371397236
3088,2512.4655,1099.6782405608,5730.9617649242
3095,2498.2198,1114.49087333063,5797.42349371766
3102,2508.6103,1129.46889007458,5864.50321219942
3109,2502.8228,1144.61375784812,5932.20525266839
3116,1910.1623,1159.92695336948,6000.53396792616
3123,2756.4875,1175.40996306137,6069.49373132778
3130,2753.8375,1191.06428309268,6139.08893683193
3137,3224.683,1206.89141942041,6209.32399905167
3144,4061.17,1222.89288783153,6280.20335330512
3151,4059.4735,1239.07021398499,6351.73145566585
3158,4339.2825,1255.42493345388,6423.91278301354
3165,4621.195,1271.95859176758,6496.75183308469
3172,4252.04,1288.67274445401,6570.25312452306
3179,3704.605,1305.56895708203,6644.42119693042
3186,3668.48,1322.64880530384,6719.26061091711
3193,4386.1175,1339.91387489753,6794.77594815267
3200,4598.9925,1357.36576180967,6870.97181141652
3207,5687.0025,1375.00607219806,6947.85282464882
3214,5986.655,1392.83642247444,7025.42363300069
3221,6135.035,1410.85843934742,7103.68890288537
3228,7384.79,1429.07375986537,7182.65332202866
3235,5871.5225,1447.48403145953,7262.32159951964
3242,8023.845,1466.09091198703,7342.69846586134
3249,9288.17,1484.89606977426,7423.78867302184
3256,11251.5775,1503.90118365996,7505.59699448428
3263,15037.4975,1523.10794303876,7588.12822529847
3270,19128.2725,1542.51804790458,7671.38718213086
3277,14059.955,1562.13320889416,7755.37870331594
3284,13888.3225,1581.95514733074,7840.10764890655
3291,16144.1975,1601.98559526774,7925.57890072481
3298,13660.4225,1622.22629553258,8011.79736241326
3305,11541.66,1642.67900177053,8098.76795948488
3312,11621.1475,1663.34547848879,8186.49563937494
3319,8163.0125,1684.22750110039,8274.98537149077
3326,8067.4975,1705.32685596849,8364.24214726349
3333,10408.5275,1726.64534045047,8454.27098019813
3340,9590.7575,1748.18476294235,8545.07690592507
3347,11478.115,1769.94694292312,8636.66498225058
3354,9531.515,1791.93371099926,8729.0402892077
3361,8190.1825,1814.1469089493,8822.20792910727
3368,8452.075,1836.58838976845,8916.17302658877
3375,6812.6375,1859.26001771333,9010.94072867111
3382,7021.1225,1882.16366834686,9106.51620480368
3389,8357.55,1905.3012285831,9202.90464691742
3396,8799.1925,1928.67459673223,9300.11126947512
3403,9396.87249999999,1952.28568254571,9398.14130952328
3410,9607.08,1976.13640726135,9497.00002674235
3417,8691.595,2000.22870364859,9596.69270349804
3424,8517.3525,2024.56451605384,9697.22464489199
3431,7342.2625,2049.1458004459,9798.60117881318
3438,7709.2075,2073.97452446142,9900.82765598865
3445,6772.345,2099.05266745052,10003.9094500344
3452,6446.43,2124.38222052245,10107.8519575067
3459,6150.87,2149.96518659135,10212.660597953
3466,6347.705,2175.80358042204,10318.3408139626
3473,6703.5375,2201.89942867602,10424.8980712185
3480,6345.355,2228.25476995742,10532.3378585475
3487,7398.9675,2254.87165485914,10640.6656879721
3494,8215.66,2281.75214600892,10749.8870947607
3501,7030.395,2308.89831811574,10860.0076374797
3508,6314.31,2336.3122580161,10971.0328980438
3515,6484.53,2363.99606472042,11082.9684817671
3522,6706.6875,2391.95184945963,11195.820017415
3529,7291.145,2420.18173573163,11309.5931572544
3536,6289.405,2448.68785934814,11424.2935771051
3543,6487.8875,2477.4723684814,11539.9269763913
3550,6638.72,2506.53742371102,11656.4990781924
3557,6565.645,2535.8851980708,11774.0156292941
3564,6572.825,2565.51787709604,11892.4824002399
3571,6182.4575,2595.43765887029,12011.9051853818
3578,6412.975,2625.64675407283,12132.289802932
3585,6405.5225,2656.14738602578,12253.6420950136
3592,6422.5075,2686.94179074156,12375.9679277122
3599,6358.58,2718.0322169702,12499.2731911269
3606,5560.145,2749.420926247,12623.5637994213
3613,3935.5125,2781.11019294008,12748.8456908755
3620,4102.0975,2813.10230429807,12875.1248279364
3627,3532.5225,2845.39956049791,13002.4071972695
3634,3192.87,2878.00427469269,13130.69880981
3641,3944.385,2910.91877305965,13260.0057008141
3648,3831.0375,2944.14539484812,13390.3339299104
3655,4040.9525,2977.68649242773,13521.6895811508
3662,3514.2175,3011.54443133658,13654.0787630621
3669,3534.25,3045.7215903295,13787.5076086972
3676,3531.82,3080.22036142639,13921.9822756866
3683,3415.1975,3115.04314996082,14057.5089462895
3690,3648.38,3150.19237462837,14194.093827445
3697,3625.62,3185.67046753541,14331.7431508239
3704,3732.395,3221.47987424767,14470.4631728796
3711,3787.94,3257.6230538392,14610.2601748997
3718,3898.9556,3294.10247894104,14751.1404630571
3725,3965.74,3330.92063579034,14893.1103684618
3732,3970.085,3368.08002427936,15036.1762472119
3739,4095.32,3405.58315800452,15180.3444804453
3746,5193.965,3443.43256431572,15325.6214743908
3753,5161.725,3481.63078436556,15472.0136604193
3760,5296.6375,3520.18037315871,15619.5274950963
3767,5157.275,3559.08389960145,15768.169460232
3774,5714.345,3598.34394655113,15917.9460629335
3781,6976.065,3637.96311086587,16068.8638356561
3788,8196.835,3677.9440034542,16220.9293362544
3795,8737.8225,3718.28924932494,16374.1491480347
3802,8739.8225,3759.00148763694,16528.5298798052
3809,7638.2825,3800.08337174923,16684.0781659284
3816,8978.795,3841.53756927102,16840.8006663725
3823,10830.4725,3883.36676211168,16998.7040667624
3830,10754.915,3925.57364653112,17157.7950784315
3837,11475.0375,3968.16093319001,17318.0804384734
3844,10299.7,4011.13134720028,17479.5669097931
3851,10594.06,4054.48762817537,17642.261281159
3858,9530.3275,4098.23253028105,17806.1703672534
3865,10977.9675,4142.36882228582,17971.3010087257
3872,11530.865,4186.89928761175,18137.6600722423
3879,10319.71,4231.82672438526,18305.2544505391
3886,10136.39,4277.15394548809,18474.0910624731
3893,9768.0175,4322.88377860802,18644.1768530732
3900,10403.6725,4369.01906629018,18815.5187935929
3907,10309.045,4415.56266598817,18988.1238815609
3914,10026.9475,4462.51745011506,19161.9991408337
3921,8052.3225,4509.88630609504,19337.151621646
3928,7859.23,4557.67213641435,19513.5884006635
3935,8280.48,4605.87785867332,19691.3165810336
3942,8234.765,4654.50640563735,19870.3432924378
3949,9549.05,4703.56072528896,20050.6756911427
3956,9205.705,4753.04378087939,20232.3209600522
3963,9033.985,4802.95855098036,20415.2863087592
3970,8500.63,4853.30802953593,20599.5789735964
3977,6908.4475,4904.09522591463,20785.2062176888
3984,7403.8775,4955.32316496137,20972.1753310057
3991,7523.3275,5006.99488704965,21160.4936304112
3998,7114.98,5059.11344813381,21350.168459717
4005,7511.47,5111.6819198012,21541.2071897336
4012,7387.9625,5164.7033893247,21733.6172183225
4019,7352.6925,5218.18095971528,21927.4059704467
4026,8178.0025,5272.11774977418,22122.5808982242
4033,8700.1475,5326.51689414616,22319.1494809789
4040,8590.48,5381.38154337148,22517.1192252915
4047,9324.0225,5436.71486393952,22716.4976650531
4054,10167.7075,5492.52003834096,22917.2923615152
4061,9922.8975,5548.80026512114,23119.5109033428
4068,9968.39,5605.55875893301,23323.1609066652
4075,8527.415,5662.79875059044,23528.2500151291
4082,8036.475,5720.52348712101,23734.7858999485
4089,5343.135,5778.73623181991,23942.7762599584
4096,5824.085,5837.44026430286,24152.2288216653
4103,5876.4525,5896.63888055982,24363.1513393002
4110,6777.015,5956.33539300844,24575.5515948693
4117,6906.54,6016.53313054772,24789.437398206
4124,7130.2775,6077.23543861189,25004.8165870241
4131,7703.1325,6138.44567922396,25221.697026968
4138,8908.385,6200.16723104976,25440.0866116653
4145,8726.06,6262.40348945197,25659.9932627788
4152,9670.7075,6325.15786654406,25881.424930058
4159,8716.09,6388.43379124444,26104.3895913917
4166,9448.95,6452.23470933084,26328.8952528591
4173,9752.59250000001,6516.56408349431,26554.9499487817
4180,9329.6975,6581.425393394,26782.5617417764
4187,9285.9675,6646.82213571129,27011.7387228059
4194,9116.235,6712.75782420455,27242.4890112316
4201,9078.89,6779.23598976374,27474.8207548655
4208,9302.385,6846.26018046503,27708.7421300216
4215,9213.99,6913.83396162582,27944.2613415685
4222,9942.845,6981.96091585939,28181.3866229807
4229,11066.14,7050.64464313008,28420.1262363915
4236,11687.8175,7119.88876080811,28660.4884726439
4243,11918.0375,7189.69690372502,28902.4816513437
4250,11650.9875,7260.07272422865,29146.1141209104
4257,11713.08,7331.01989223848,29391.3942586302
4264,10258.09,7402.54209530115,29638.3304707075
4271,10335.125,7474.64303864591,29886.9311923171
4278,10921.11,7547.32644523987,30137.2048876552
4285,10777.975,7620.59605584405,30389.1600499941
4292,10673.18,7694.45562906904,30642.8052017314
4299,11375.2725,7768.90894143038,30898.1488944432
4306,11513.1325,7843.9597874049,31155.1997089363
4313,13042.115,7919.61197948674,31413.9662553005
4320,13768.1925,7995.86934824285,31674.4571729601
4327,15484.175,8072.73574236983,31936.681130726
4334,15969.7475,8150.21502874954,32200.6468268481
4341,18442.9925,8228.3110925057,32466.3629890679
4348,18197.3175,8307.02783706039,32733.8383746691
4355,19382.2675,8386.36918419018,33003.0817705313
4362,19164.8025,8466.33907408288,33274.101993181
4369,23478.995,8546.94146539431,33546.9078888451
4376,26259.1225,8628.18033530464,33821.5083335011
4383,33096.3175,8710.05967957561,34097.9122329308
4390,38173.345,8792.58351260695,34376.1285227723
4397,35822.635,8875.75586749388,34656.1661685712
4404,32291.01,8959.58079608358,34938.0341658338
4411,33138.715,9044.06236903286,35221.7415400793
4418,38868.57,9129.20467586496,35507.2973468905
4425,48660.45,9215.01182502705,35794.7106719681
4432,57492.04,9301.48794394751,36083.9906311812
4439,45238.64,9388.63717909366,36375.1463706211
4446,50977.285,9476.46369602884,36668.1870666518
4453,58997.37,9564.97167947034,36963.1219259635
4460,57378.6275,9654.16533334703,37259.960185624
4467,55786.5525,9744.04888085729,37558.7111131319
4474,58210.9525,9834.62656452657,37859.3840064675
4481,59975.28,9925.90264626572,38161.9881941471
4488,56271.87,10017.8814074286,38466.5330352728
4495,49123.22,10110.5671488708,38773.0279195864
4502,56625.7675,10203.9641910072,39081.4822675219
4509,58303.4025,10298.0768738706,39391.905530256
4516,46456.4725,10392.9095571701,39704.3071897627
4523,34730.7875,10488.4666203492,40018.6967588636
4530,35676.71,10584.7524626453,40335.0837812816
4537,35803.195,10681.7715031469,40653.4778316925
4544,39026.525,10779.5281808533,40973.8885157779
4551,35592.295,10878.0269547332,41296.3254702767
4558,34690.9775,10977.2723037833,41620.7983630376
4565,35293.315,11077.2687270878,41947.3168930729
4572,34251.9575,11178.0207438765,42275.8907906086
4579,31784.15,11279.5328935848,42606.5298171382
4586,35428.2675,11381.8097359126,42939.2437654753
4593,39867.6725,11484.8558508833,43274.042459805
4600,43842.615,11588.6758389036,43610.9357557358
4607,47022.2825,11693.2743208227,43949.933540355
4614,49288.8975,11798.6559379918,44291.0457322771
4621,48800.0725,11904.8253523237,44634.2822816987
4628,51791.6375,12011.7872463526,44979.6531704504
4635,46038.8925,12119.546323294,45327.1684120499
4642,47249.3475,12228.107307104,45676.8380517522
4649,43194.81,12337.47494254,46028.6721666049
4656,48235.595,12447.6539952201,46382.6808654987
4663,54696.93,12558.6492516836,46738.8742892196
4670,61532.1675,12670.4655194508,47097.2626105039
4677,60875.2975,12783.1076270836,47457.8560340874
4684,61357.6299999999,12896.5804242456,47820.6647967606
4691,63312.7675,13010.8887817629,48185.6991674189
4698,65502.47,13126.0375916841,48552.9694471167
4705,58794.32,13242.0317673413,48922.4859691202
4712,57322.77,13358.8762434107,49294.2590989578
4719,49409.58,13476.575975973,49668.299234474
4726,50112.02,13595.135942575,50044.616805883
4733,46724.12,13714.5611422897,50423.2222758187
4740,50801.6999999999,13834.8565957775,50804.1261393893
4747,47323.62,13956.027345348,51187.3389242292
4754,41865.65,14078.0784550203,51572.8711905507
4761,43108.81,14201.0150105845,51960.7335311987
4768,36292.06,14324.8421196632,52350.9365717003
4775,37929.9,14449.564911773,52743.4909703196
4782,42417.63,14575.1885383855,53138.4074181104
4789,42073.76,14701.7181729892,53535.6966389665
4796,38386.55,14829.1590111515,53935.3693896768
4803,37711.29,14957.5162705798,54337.4364599763
4810,38423,15086.795191184,54741.9086726007
4817,37790.82,15217.0010351374,55148.7968833349
4824,41277.41,15348.1390869401,55558.1119810716
4831,46856.67,15480.2146534796,55969.8648878579
4838,46415.99,15613.2330640944,56384.0665589519
4845,42155.88,15747.1996706348,56800.7279828745
4852,39687.65,15882.1198475262,57219.8601814602
4859,39465.69,16017.9989918314,57641.4742099131
4866,38479.3,16154.8425233128,58065.5811568559
4873,34027.56,16292.6558844946,58492.1921443854
4880,31293.29,16431.4445407268,58921.3183281241
4887,30264.11,16571.2139802465,59352.9708972725
4894,29449.54,16711.9697142412,59787.1610746616
4901,29899.4,16853.7172769118,60223.900116808
4908,26565.12,16996.462225536,60663.1993139627
4915,20552.98,17140.2101405302,61105.0699901671
4922,21029.53,17284.9666255135,61549.5235033043
4929,19292.67,17430.7373073712,61996.5712451515
4936,20843.12,17577.5278363171,62446.2246414351
4943,20793.29,17725.3438859579,62898.4951518785
4950,22586.22,17874.1911533555,63353.39427026
4957,23315.95,18024.0753590921,63810.9335244633
4964,23181.62,18175.0022473323,64271.1244765302
4971,24314.02,18326.9775858881,64733.9787227137
4978,21495.97,18480.0071662815,65199.5078935305
4985,19550.11,18634.0968038093,65667.723653814
4992,20004.08,18789.2523376065,66138.6377027668
4999,21839.13,18945.4796307107,66612.261774014
5006,19420.94,19102.7845701265,67088.6076356563
5013,18808.52,19261.1730668882,67567.6870903207
5020,19057.33,19420.6510561262,68049.5119752163
5027,19445.94,19581.22449713,68534.0941621847
5034,19263.43,19742.8993734127,69021.4455577548
5041,19572.38,19905.6816927764,69511.5781031937
5048,20628.62,20069.5774873757,70004.5037745608
5055,20914.74,20234.5928137831,70500.2345827598
5062,16309.05,20400.7337530535,70998.7825735934
5069,16255.15,20568.0064107895,71500.1598278129
5076,16423.94,20736.4169172058,72004.378461175
5083,17113.75,20905.9714271942,72511.4506244906
5090,17089.92,21076.676120389,73021.3885036809
5097,16745.81,21248.5372012325,73534.2043198299
5104,16828.91,21421.5608990396,74049.9103292355
5111,16613.48,21595.7534680629,74568.5188234619
5118,17124.86,21771.1211875596,75090.0421293974
5125,20884.18,21947.6703618553,75614.4926093015
5132,22717.7,22125.407320411,76141.8826608603
5139,23750.97,22304.3384178873,76672.2247172411
5146,22938.34,22484.4700342119,77205.5312471418
5153,21787.3,22665.8085746436,77741.8147548459
5160,24288.51,22848.3604698399,78281.0877802761
5167,23558.98,23032.1321759218,78823.3628990458
5174,22428.98,23217.1301745405,79368.6527225126
5181,22243.34,23403.3609729433,79916.9698978314
5188,28051.94,23590.8311040401,80468.3271080074
5195,28001,23779.5471264691,81022.7370719476
5202,28189.84,23969.515624664,81580.212544517
5209,28336.98,24160.7432089204,82140.7663165891
5216,30325.58,24353.2365154615,82704.4112150996
5223,27596.46,24547.0022065061,83271.1601030976
5230,29248.47,24742.0469703338,83841.0258798031
5237,28594.28,24938.3775213532,84414.0214806547
5244,26930.75,25136.0006001683,84990.1598773672
5251,26753.31,25334.9229736449,85569.4540779814
5258,28082.01,25535.1514349785,86151.917126919
5265,27123.99,25736.692803761,86737.5621050341
5272,25940.01,25939.553926048,87326.4021296682
5279,26342.29,26143.7416744265,87918.4503547012
5286,30473.14,26349.2629480812,88513.7199706055
5293,30625.3,26556.1246728631,89112.2242045009
5300,30174.62,26764.3338013571,89713.9763202034
5307,30250.49,26973.8973129481,90318.9896182812
5314,30092.75,27184.8222138908,90927.2774361086
5321,29288.27,27397.1155373756,91538.8531479168
5328,29053.48,27610.7843435979,92153.7301648478
5335,29289.76,27825.8357198255,92771.9219350073
5342,26196.16,28042.2767804666,93393.4419435202
5349,26097.39,28260.1146671371,94018.3037125791
5356,25972.31,28479.3565487313,94646.5208015023
5363,25839.44,28700.0096214869,95278.1068067835
5370,26538.19,28922.0811090561,95913.0753621464
5377,26262.39,29145.5782625724,96551.440138597
5384,27995.39,29370.5083607197,97193.2148444792
5391,27932.56,29596.8787098012,97838.4132255242
5398,27174.56,29824.6966438075,98487.0490649061
5405,30004.11,30053.969524485,99139.1361832936
5412,34538.5,30284.7047414067,99794.6884389074
5419,35051.1,30516.9097120388,100453.719727566
5426,37067.98,30750.5918818109,101116.243982745
5433,37390.02,30985.7587241853,101782.275175629
5440,37458.92,31222.4177407252,102451.827315163
5447,39972.23,31460.5764611651,103124.914448108
5454,43794.17,31700.2424434793,103801.55065909
5461,41362.47,31941.423273951,104481.750070659
5468,43028.98,32184.1265672438,105165.526843339
5475,42278.29,32428.3599664684,105852.89517568
5482,43942.3,32674.1311432546,106543.869304316
5489,41715.61,32921.4477978198,107238.463504012
5496,41586.94,33170.3176590395,107936.692087721
5503,42032.37,33420.7484845169,108638.569406638
5510,42578.24,33672.7480606523,109344.10985025
5517,48311.33,33926.3242027141,110053.327846394
5524,52127.48,34181.4847549092,110766.237861304
5531,51725.45,34438.237590452,111482.854399672
5538,63148.92,34696.5906116352,112203.192004693
5545,69012.3,34956.5517499005,112927.265258123
5552,68376.0599999999,35218.128965909,113655.088780334
5559,67216.71,35481.330249612,114386.677230363
5566,71320.68,35746.1636203204,115122.04530597
5573,69359.11,36012.637126777,115861.207743683
5580,65754.76,36280.7588472267,116604.179318862
5587,64966.88,36550.5368894865,117350.974845747
5594,63134.46,36821.9793910182,118101.60917751
5601,64072.9899999999,37095.094518998,118856.097206308
5608,61492.91,37369.8904703875,119614.453863343
5615,66284.5100000001,37646.3754720068,120376.694118908
5622,68506.0000000001,37924.5577806033,121142.832982443
5629,67724.0000000001,38204.4456829251,121912.885502589
5636,69643,38486.0474957908,122686.866767242
5643,66641,38769.3715661627,123464.791903601
5650,63198.0000000001,39054.4262712166,124246.676078233
5657,62722.9999999999,39341.2200184151,125032.534497109
5664,55892,39629.7612455784,125822.382405677
5671,60846.9999999999,39920.0584209567,126616.235088901
5678,68185,40212.1200433006,127414.107871319
5685,68294,40505.9546419361,128216.0161171
5692,58149,40801.5707768345,129021.975230088
5699,58746,41098.9770386839,129832.000653868
5706,58469,41398.182048964,130646.10787181
5713,64291,41699.1944600158,131464.312407124
5720,57350,42002.0229551167,132286.629822919
5727,54904,42306.6762485499,133113.075722247
5734,59171,42613.1630856792,133943.665748168
5741,63604.9999999999,42921.4922430216,134778.41558379
5748,65642.9999999999,43231.6725283191,135617.340952336
5755,62832,43543.712780612,136460.457617191
5762,62877.9999999999,43857.6218703111,137307.781381948
5769,69020,44173.4086992721,138159.32809048
5776,67964,44491.0822008669,139015.113626973
5783,68758,44810.651340059,139875.153915997
5790,80410,45132.1251134749,140739.464922547
5797,89860.9999999999,45455.5125494773,141608.062652103
5804,98007,45780.8227082393,142480.963150684
5811,97291,46108.0646818179,143358.182504891
5818,101204,46437.2475942278,144239.736841979
5825,104392,46768.380601514,145125.642329895
5832,95122,47101.4728918253,146015.915177338
5839,93652.9999999999,47436.5336854906,146910.571633811
5846,98345,47773.572235089,147809.627989677
5853,94508.9999999999,48112.5978255272,148713.100576206
5860,101235,48453.6197741119,149621.00576564
5867,102598,48796.6474306231,150533.359971234
5874,97662.0000000001,49141.6901773907,151450.179647317
5881,96509.9999999999,49488.7574293658,152371.481289345
5888,96163.0000000001,49837.8586341975,153297.281433953
5895,96320,50189.0032723069,154227.596659012
5902,94322.0000000001,50542.20085696,155162.443583672
5909,80761,50897.4609343442,156101.838868431
5916,82618.9999999999,51254.793083642,157045.799215178
5923,86130.0000000001,51614.2069171054,157994.34136725
5930,82404,51975.7120801326,158947.482109485
5937,78379,52339.3182513404,159905.238268275
5944,83710.0000000001,52705.0351426413,160867.626711622
5951,85136.0000000001,53072.8724993166,161834.664349193
5958,93788,53442.8401000936,162806.368132363
5965,94399.0000000001,53814.9477572194,163782.755054284
5972,104119,54189.2053165368,164763.842149926
5979,106487,54565.6226575602,165749.64649614
5986,109004,54944.2096935489,166740.185211705
5993,105686,55324.9763715863,167735.475457385
6000,105634,55707.9326726519,168735.534435983
6007,101050,56093.0886116988,169740.37939239
6014,108382,56480.4542377301,170750.027613646
6021,109264,56870.0396338735,171764.49642899
6028,119077,57261.8549174572,172783.803209908
6035,117303,57655.9102400877,173807.965370203
6042,119492,58052.2157877239,174837.000366028
6049,114279,58450.7817807536,175870.925695953
6056,119319,58851.6184740716,176909.75890102
6063,117490,59254.7361571533,177953.517564788
6070,113528,59660.1451541344,179002.21931339
6077,108297,60067.8558238837,180055.88181559
6084,111162,60477.8785600832,181114.522782837
6091,115394,60890.2237913022,182178.159969313
6098,115333,61304.9019810753,183246.811171991
6105,112225,61721.9236279791,184320.494230686
6112,123515.47,62141.2992657091,185399.227028116
6119,115128.32,62563.0394631571,186483.027489947
6126,108717.65,62987.154824487,187571.913584848
6133,114527.25,63413.6559892132,188665.903324552
6140,110591.4,63842.5536322776,189765.014763903
6147,104727.44,64273.8584641269,190869.266000909
6154,94290.27,64707.5812307888,191978.675176803
